[{"entries":[{"background":"","business_flag":1,"description":"附近美食一网打尽","description_color":"附近美食一网打尽","description_image_hash":"","icon_hash":"","id":15,"image_hash":"b7ed1890cf73ae6f2adb97caa39de7fcjpeg","is_in_serving":true,"is_personalized":false,"link":"eleme://restaurants?target=%7B%22category_schema%22%3A%20%7B%22category_name%22%3A%20%22%5Cu7f8e%5Cu98df%22%2C%20%22complex_category_ids%22%3A%20%5B207%2C%20220%2C%20233%2C%20260%5D%2C%20%22is_show_all_category%22%3A%20false%7D%2C%20%22restaurant_category_id%22%3A%20%5B209%2C%20211%2C%20212%2C%20213%2C%20214%2C%20215%2C%20216%2C%20217%2C%20218%2C%20219%2C%20221%2C%20222%2C%20223%2C%20224%2C%20225%2C%20226%2C%20227%2C%20228%2C%20229%2C%20230%2C%20231%2C%20232%2C%20234%2C%20235%2C%20236%2C%20237%2C%20238%2C%20263%2C%20264%2C%20265%2C%20266%2C%20267%2C%20268%2C%20269%5D%7D\u0026target_name=%E7%BE%8E%E9%A3%9F\u0026animation_type=1\u0026banner_type=0\u0026business_flag=1\u0026entry_id=15\u0026search_source=1","name":"美食","name_color":"","title_image_hash":""},{"background":"","business_flag":2,"description":"苦了累了，来点甜的","description_color":"只想来点下午茶","description_image_hash":"","icon_hash":"","id":20,"image_hash":"235696aa5cf9820adada9b11a3d14bf5jpeg","is_in_serving":true,"is_personalized":false,"link":"eleme://restaurants?target=%7B%22category_schema%22%3A%20%7B%22category_name%22%3A%20%22%5Cu751c%5Cu54c1%5Cu996e%5Cu54c1%22%2C%20%22complex_category_ids%22%3A%20%5B240%2C%20241%2C%20242%5D%2C%20%22is_show_all_category%22%3A%20true%7D%2C%20%22restaurant_category_id%22%3A%20%5B240%2C%20241%2C%20242%5D%7D\u0026target_name=%E7%94%9C%E5%93%81%E9%A5%AE%E5%93%81\u0026animation_type=1\u0026banner_type=0\u0026business_flag=2\u0026entry_id=20\u0026search_source=1","name":"甜品饮品","name_color":"","title_image_hash":""},{"background":"","business_flag":3,"description":"足不出户，便利回家","description_color":"足不出户，便利回家","description_image_hash":"","icon_hash":"","id":10,"image_hash":"0daf42235e6929a5cb0e7013115ce78djpeg","is_in_serving":true,"is_personalized":false,"link":"eleme://restaurants?target=%7B%22category_schema%22%3A%20%7B%22category_name%22%3A%20%22%5Cu5546%5Cu8d85%5Cu4fbf%5Cu5229%22%2C%20%22complex_category_ids%22%3A%20%5B254%2C%20255%2C%20256%2C%20257%2C%20258%2C%20271%2C%20272%2C%20273%2C%20274%5D%2C%20%22is_show_all_category%22%3A%20true%7D%2C%20%22restaurant_category_id%22%3A%20%5B254%2C%20255%2C%20256%2C%20257%2C%20258%2C%20271%2C%20272%2C%20273%2C%20274%5D%7D\u0026target_name=%E5%95%86%E8%B6%85%E4%BE%BF%E5%88%A9\u0026animation_type=1\u0026banner_type=0\u0026business_flag=3\u0026entry_id=10\u0026search_source=1","name":"商超便利","name_color":"","title_image_hash":""},{"background":"","description":"0元早餐0起送，每天都有新花样。","description_color":"","description_image_hash":"","icon_hash":"","id":1,"image_hash":"d497757ff22e8ab28e7dfa5f7e2c2692jpeg","is_in_serving":true,"is_personalized":false,"link":"eleme://web?url=https%3A//zaocan.ele.me/%3Ffrom%3Dzzicon\u0026target_name=%E9%A2%84%E8%AE%A2%E6%97%A9%E9%A4%90\u0026animation_type=1\u0026banner_type=0\u0026business_flag=0","name":"预订早餐","name_color":"","title_image_hash":""},{"background":"","business_flag":4,"description":"一天变女神","description_color":"","description_image_hash":"","icon_hash":"","id":8,"image_hash":"cdbd20d49e5029281b9b73db1c5ec6f9jpeg","is_in_serving":true,"is_personalized":false,"link":"eleme://restaurants?target=%7B%22category_schema%22%3A%20%7B%22category_name%22%3A%20%22%5Cu679c%5Cu852c%5Cu751f%5Cu9c9c%22%2C%20%22complex_category_ids%22%3A%20%5B245%2C%20246%2C%20247%5D%2C%20%22is_show_all_category%22%3A%20true%7D%2C%20%22restaurant_category_id%22%3A%20%5B245%2C%20246%2C%20247%5D%7D\u0026target_name=%E6%9E%9C%E8%94%AC%E7%94%9F%E9%B2%9C\u0026animation_type=1\u0026banner_type=0\u0026business_flag=4\u0026entry_id=8\u0026search_source=1","name":"果蔬生鲜","name_color":"","title_image_hash":""},{"background":"","business_flag":14,"description":"大胆尝鲜，遇见惊喜","description_color":"","description_image_hash":"","icon_hash":"","id":403297,"image_hash":"afad41b04d520d445dc5de42dae9a384jpeg","is_in_serving":true,"is_personalized":false,"link":"eleme://restaurants?target=%7B%22category_schema%22%3A%20%7B%22category_name%22%3A%20%22%5Cu65b0%5Cu5e97%5Cu7279%5Cu60e0%22%2C%20%22complex_category_ids%22%3A%20%5B207%2C%20220%2C%20233%2C%20239%2C%20244%2C%20248%2C%20252%2C%20260%5D%2C%20%22is_show_all_category%22%3A%20true%7D%2C%20%22restaurant_category_id%22%3A%20%5B209%2C%20211%2C%20212%2C%20213%2C%20214%2C%20215%2C%20216%2C%20217%2C%20218%2C%20219%2C%20221%2C%20222%2C%20223%2C%20224%2C%20225%2C%20226%2C%20227%2C%20228%2C%20229%2C%20230%2C%20231%2C%20232%2C%20234%2C%20235%2C%20236%2C%20237%2C%20238%2C%20240%2C%20241%2C%20242%2C%20245%2C%20246%2C%20247%2C%20249%2C%20250%2C%20254%2C%20255%2C%20256%2C%20257%2C%20258%2C%20263%2C%20264%2C%20265%2C%20266%2C%20267%2C%20268%2C%20269%2C%20270%2C%20271%2C%20272%2C%20273%2C%20274%5D%2C%20%22specified_attributes%22%3A%20%5B-1%5D%2C%20%22support_ids%22%3A%20%5B-1%5D%7D\u0026target_name=%E6%96%B0%E5%BA%97%E7%89%B9%E6%83%A0\u0026animation_type=1\u0026banner_type=0\u0026business_flag=14\u0026entry_id=403297\u0026search_source=1","name":"新店特惠","name_color":"","title_image_hash":""},{"background":"","business_flag":9,"description":"准时必达，超时赔付","description_color":"","description_image_hash":"","icon_hash":"","id":92,"image_hash":"3848e031bf7b3c036b4ec19edff16e46jpeg","is_in_serving":true,"is_personalized":false,"link":"eleme://restaurants?target=%7B%22specified_attributes%22%3A%20%5B9%5D%2C%20%22support_ids%22%3A%20%5B9%5D%7D\u0026target_name=%E5%87%86%E6%97%B6%E8%BE%BE\u0026animation_type=1\u0026banner_type=1\u0026business_flag=9\u0026entry_id=92\u0026search_source=1","name":"准时达","name_color":"","title_image_hash":""},{"background":"","business_flag":10,"description":"有菜有肉，营养均衡","description_color":"","description_image_hash":"","icon_hash":"","id":225,"image_hash":"d387bddb07503aea4b711236348e2632jpeg","is_in_serving":true,"is_personalized":false,"link":"eleme://restaurants?target=%7B%22category_schema%22%3A%20%7B%22category_name%22%3A%20%22%5Cu7b80%5Cu9910%22%2C%20%22complex_category_ids%22%3A%20%5B209%2C%20212%2C%20215%2C%20265%5D%2C%20%22is_show_all_category%22%3A%20true%7D%2C%20%22restaurant_category_id%22%3A%20%5B209%2C%20212%2C%20215%2C%20265%5D%7D\u0026target_name=%E5%8D%88%E9%A4%90\u0026animation_type=1\u0026banner_type=0\u0026business_flag=10\u0026entry_id=225\u0026search_source=1","name":"午餐","name_color":"","title_image_hash":""},{"background":"","description":"大口大口把你吃掉","description_color":"","description_image_hash":"","icon_hash":"","id":236,"image_hash":"b7f432619fb21a40b05cd25d11eca02djpeg","is_in_serving":true,"is_personalized":false,"link":"eleme://restaurants?target=%7B%22category_schema%22%3A%20%7B%22category_name%22%3A%20%22%5Cu6c49%5Cu5821%22%2C%20%22complex_category_ids%22%3A%20%5B212%5D%2C%20%22is_show_all_category%22%3A%20true%7D%2C%20%22restaurant_category_id%22%3A%20%5B212%5D%7D\u0026target_name=%E6%B1%89%E5%A0%A1%E8%96%AF%E6%9D%A1\u0026animation_type=1\u0026banner_type=0\u0026business_flag=0\u0026entry_id=236\u0026search_source=1","name":"汉堡薯条","name_color":"","title_image_hash":""},{"background":"","description":"老字号，好味道","description_color":"","description_image_hash":"","icon_hash":"","id":289,"image_hash":"217244241b514affc0f12f4168cf6628jpeg","is_in_serving":true,"is_personalized":false,"link":"eleme://restaurants?target=%7B%22category_schema%22%3A%20%7B%22category_name%22%3A%20%22%5Cu5305%5Cu5b50%5Cu7ca5%5Cu5e97%22%2C%20%22complex_category_ids%22%3A%20%5B215%5D%2C%20%22is_show_all_category%22%3A%20true%7D%2C%20%22restaurant_category_id%22%3A%20%5B215%5D%7D\u0026target_name=%E5%8C%85%E5%AD%90%E7%B2%A5%E5%BA%97\u0026animation_type=1\u0026banner_type=0\u0026business_flag=0\u0026entry_id=289\u0026search_source=1","name":"包子粥店","name_color":"","title_image_hash":""},{"background":"","business_flag":11,"description":"内心小公举，一直被宠爱","description_color":"","description_image_hash":"","icon_hash":"","id":9,"image_hash":"883171fd98b85dee3b3f4243b7459b48jpeg","is_in_serving":true,"is_personalized":false,"link":"eleme://restaurants?target=%7B%22category_schema%22%3A%20%7B%22category_name%22%3A%20%22%5Cu9c9c%5Cu82b1%5Cu86cb%5Cu7cd5%22%2C%20%22complex_category_ids%22%3A%20%5B249%2C%20250%2C%20251%5D%2C%20%22is_show_all_category%22%3A%20true%7D%2C%20%22restaurant_category_id%22%3A%20%5B249%2C%20250%2C%20251%5D%7D\u0026target_name=%E9%B2%9C%E8%8A%B1%E8%9B%8B%E7%B3%95\u0026animation_type=1\u0026banner_type=0\u0026business_flag=11\u0026entry_id=9\u0026search_source=1","name":"鲜花蛋糕","name_color":"","title_image_hash":""},{"background":"","description":"","description_color":"就是这个味","description_image_hash":"","icon_hash":"","id":286,"image_hash":"3c7a9ef469a12e7a596b559145b87f09jpeg","is_in_serving":true,"is_personalized":false,"link":"eleme://restaurants?target=%7B%22category_schema%22%3A%20%7B%22category_name%22%3A%20%22%5Cu9ebb%5Cu8fa3%5Cu70eb%22%2C%20%22complex_category_ids%22%3A%20%5B214%5D%2C%20%22is_show_all_category%22%3A%20true%7D%2C%20%22restaurant_category_id%22%3A%20%5B214%5D%7D\u0026target_name=%E9%BA%BB%E8%BE%A3%E7%83%AB\u0026animation_type=1\u0026banner_type=0\u0026business_flag=0\u0026entry_id=286\u0026search_source=1","name":"麻辣烫","name_color":"","title_image_hash":""},{"background":"","business_flag":18,"description":"","description_color":"","description_image_hash":"","icon_hash":"","id":404049,"image_hash":"a8aec21096d528b7cfd23cdd894f01c6jpeg","is_in_serving":true,"is_personalized":false,"link":"eleme://restaurants?target=%7B%22category_schema%22%3A%20%7B%22category_name%22%3A%20%22%5Cu4e1c%5Cu5317%5Cu83dc%22%2C%20%22complex_category_ids%22%3A%20%5B220%5D%2C%20%22is_show_all_category%22%3A%20true%7D%2C%20%22restaurant_category_id%22%3A%20%5B221%2C%20222%2C%20223%2C%20224%2C%20225%2C%20226%2C%20227%2C%20228%2C%20231%2C%20232%2C%20263%5D%7D\u0026target_name=%E5%9C%B0%E6%96%B9%E8%8F%9C%E7%B3%BB\u0026animation_type=1\u0026banner_type=0\u0026business_flag=18\u0026entry_id=404049\u0026search_source=1","name":"地方菜系","name_color":"","title_image_hash":""},{"background":"","description":"西餐始祖，欧洲的味道","description_color":"","description_image_hash":"","icon_hash":"","id":287,"image_hash":"7b6235761e50d391445f021922b71789jpeg","is_in_serving":true,"is_personalized":false,"link":"eleme://restaurants?target=%7B%22category_schema%22%3A%20%7B%22category_name%22%3A%20%22%5Cu62ab%5Cu8428%5Cu610f%5Cu9762%22%2C%20%22complex_category_ids%22%3A%20%5B211%5D%2C%20%22is_show_all_category%22%3A%20true%7D%2C%20%22restaurant_category_id%22%3A%20%5B211%5D%7D\u0026target_name=%E6%8A%AB%E8%90%A8%E6%84%8F%E9%9D%A2\u0026animation_type=1\u0026banner_type=0\u0026business_flag=0\u0026entry_id=287\u0026search_source=1","name":"披萨意面","name_color":"","title_image_hash":""},{"background":"","business_flag":19,"description":"寿司定食，泡菜烤肉","description_color":"","description_image_hash":"","icon_hash":"","id":285,"image_hash":"6d2de0683a49a0655c728b70fdb344d5jpeg","is_in_serving":true,"is_personalized":false,"link":"eleme://restaurants?target=%7B%22category_schema%22%3A%20%7B%22category_name%22%3A%20%22%5Cu5f02%5Cu56fd%5Cu6599%5Cu7406%22%2C%20%22complex_category_ids%22%3A%20%5B260%5D%2C%20%22is_show_all_category%22%3A%20true%7D%2C%20%22restaurant_category_id%22%3A%20%5B211%2C%20229%2C%20230%2C%20264%5D%7D\u0026target_name=%E5%BC%82%E5%9B%BD%E6%96%99%E7%90%86\u0026animation_type=1\u0026banner_type=0\u0026business_flag=19\u0026entry_id=285\u0026search_source=1","name":"异国料理","name_color":"","title_image_hash":""}],"group_name":"","group_type":1,"ranking_weight":100,"template":"main_template"}]