[{"is_highlight":0,"link":"","search_word":"妈妈手艺","source":"3","type":1,"url":"","word":"妈妈手艺"},{"is_highlight":0,"link":"","search_word":"脆皮鸡","source":"3","type":1,"url":"","word":"脆皮鸡"},{"is_highlight":0,"link":"","search_word":"牛排","source":"3","type":1,"url":"","word":"牛排"},{"is_highlight":0,"link":"eleme://web?url=https%3A//app-resource.ele.me/prod/rJRyxulv-.html\u0026target_name=\u0026animation_type=1\u0026banner_type=0\u0026business_flag=0","search_word":"","source":"4","type":3,"url":"","word":"立秋进补"},{"is_highlight":0,"link":"","search_word":"我的菜","source":"4","type":1,"url":"","word":"我的菜"},{"is_highlight":0,"link":"","search_word":"煎饼","source":"3","type":1,"url":"","word":"煎饼"},{"is_highlight":0,"link":"","search_word":"蟹","source":"3","type":1,"url":"","word":"蟹"},{"is_highlight":0,"link":"","search_word":"星巴克","source":"3","type":1,"url":"","word":"星巴克"},{"is_highlight":0,"link":"","search_word":"蛋挞","source":"3","type":1,"url":"","word":"蛋挞"},{"is_highlight":0,"link":"","search_word":"黄瓜","source":"3","type":1,"url":"","word":"黄瓜"}]